{
  "login": [
    {
      "id": 1,
      "username": "selva",
      "password": "selva",
      "name": "Selvarani"
    },
    {
      "id": 2,
      "username": "rani",
      "password": "rani",
      "name": "Selva Rani"
    }
  ],
  "profile": [
    {
      "id": 1,
      "loginId": 1,
      "address": {
        "name": "SelvaRani",
        "phone": "9898989898",
        "email": "selva@hcl.com",
        "street": "kannadapalayam street",
        "city": "chennai",
        "state": "tamilnadu",
        "pincode": "600123"
      }
    }
  ],
  "orders": [
    {
      "customerId": 1,
      "customerType": "member",
      "date": "2023-05-02",
      "shippingAddress": {
        "name": "SelvaRani",
        "phone": "9898989898",
        "email": "selva@hcl.com",
        "street": "kannadapalayam street",
        "city": "chennai",
        "state": "tamilnadu",
        "pincode": "600123"
      },
      "orderItems": [
        {
          "productId": 4,
          "productName": "Floral Print Button Down Yellow Fullsleeve Top",
          "imageUrl": "images/4.png",
          "MRP": 1199,
          "price": 1040,
          "offer": "45% OFF",
          "quantity": 1,
          "chosenSize": "S"
        },
        {
          "productId": 2,
          "productName": "Floral Print Button Down Navy Blue Top ",
          "imageUrl": "images/2-2.jpg",
          "MRP": 1199,
          "price": 432,
          "offer": "64% OFF",
          "quantity": 3,
          "chosenSize": "XL"
        },
        {
          "productId": 7,
          "productName": "Floral print A-line cute frock with full sleeve",
          "imageUrl": "images/7.jpg",
          "MRP": 1178,
          "price": 554,
          "offer": "53% OFF",
          "quantity": 1,
          "chosenSize": "4-5"
        }
      ],
      "orderTotal": 2890,
      "id": 23
    },
    {
      "customerId": 1,
      "customerType": "member",
      "date": "2023-05-02",
      "shippingAddress": {
        "name": "SelvaRani",
        "phone": "9898989898",
        "email": "selva@hcl.com",
        "street": "kannadapalayam street",
        "city": "chennai",
        "state": "tamilnadu",
        "pincode": "600123"
      },
      "orderItems": [
        {
          "productId": 2,
          "productName": "Floral Print Button Down Navy Blue Top ",
          "imageUrl": "images/2-2.jpg",
          "MRP": 1199,
          "price": 432,
          "offer": "64% OFF",
          "quantity": "4",
          "chosenSize": "XL"
        }
      ],
      "orderTotal": 1728,
      "id": 24
    },
    {
      "customerId": 1,
      "customerType": "member",
      "date": "2023-05-03",
      "shippingAddress": {
        "name": "SelvaRani",
        "phone": "9898989898",
        "email": "selva@hcl.com",
        "street": "kannadapalayam street",
        "city": "chennai",
        "state": "tamilnadu",
        "pincode": "676767"
      },
      "orderItems": [
        {
          "productId": 1,
          "productName": "Floral Print Peplum Top With Ruffle Trims",
          "imageUrl": "images/1.png",
          "MRP": 799,
          "price": 384,
          "offer": "52% OFF",
          "quantity": "3",
          "chosenSize": "XS"
        }
      ],
      "orderTotal": 1152,
      "id": 25
    },
    {
      "customerId": 0,
      "customerType": "Guest",
      "date": "2023-05-03",
      "shippingAddress": {
        "name": "selva",
        "phone": "8989898989",
        "email": "selva@hcl.com",
        "street": "23,west street",
        "city": "chennai",
        "state": "tamilnadu",
        "pincode": "898989"
      },
      "orderItems": [
        {
          "productId": 2,
          "productName": "Floral Print Button Down Navy Blue Top ",
          "imageUrl": "images/2-2.jpg",
          "MRP": 1199,
          "price": 432,
          "offer": "64% OFF",
          "quantity": "3",
          "chosenSize": "S"
        }
      ],
      "orderTotal": 1296,
      "id": 26
    },
    {
      "customerId": 0,
      "customerType": "Guest",
      "date": "2023-05-03",
      "shippingAddress": {
        "name": "selva",
        "phone": "8989898989",
        "email": "selva@hcl.com",
        "street": "23,west street",
        "city": "chennai",
        "state": "tamilnadu",
        "pincode": "898989"
      },
      "orderItems": [
        {
          "productId": 2,
          "productName": "Floral Print Button Down Navy Blue Top ",
          "imageUrl": "images/2-2.jpg",
          "MRP": 1199,
          "price": 432,
          "offer": "64% OFF",
          "quantity": "3",
          "chosenSize": "S"
        }
      ],
      "orderTotal": 1296,
      "id": 27
    }
  ],
  "cart": [
    {
      "customerId": 1,
      "products": [],
      "id": 1
    }
  ],
  "wishlist": [
    {
      "productId": 2,
      "customerId": 1,
      "productName": "Floral Print Button Down Navy Blue Top ",
      "imageUrl": "images/2.jpg",
      "MRP": 1199,
      "price": 432,
      "offer": "64% OFF",
      "id": 1
    }
  ],
  "products": [
    {
      "id": 1,
      "productName": "Floral Print Peplum Top With Ruffle Trims",
      "MRP": 799,
      "price": 384,
      "sizes": "Free size",
      "imageUrl": "images/1.jpg",
      "offer": "52% OFF",
      "color": "beige",
      "category": "Women",
      "subCategory": "Tops",
      "sizesAvailable": [
        {
          "size": "XS",
          "count": 10
        },
        {
          "size": "S",
          "count": 9
        },
        {
          "size": "M",
          "count": 10
        }
      ],
      "description": "<ul><li>Package contains: 1 top (with Inner)</li><li>Wash:  Hand wash Only</li><li> Pattern : Tie & dye</li><li> Fabric : Georgette</li><li>Fit :  Relaxed Fit</li></ul>",
      "averageRating": "3.6",
      "ratingCounts": 24
    },
    {
      "id": 2,
      "productName": "Floral Print Button Down Navy Blue Top ",
      "MRP": 1199,
      "price": 432,
      "sizes": "Free size",
      "imageUrl": "images/2.jpg",
      "imageUrl2": "images/2-3.jpg",
      "imageUrl3": "images/2-4.jpg",
      "imageUrl4": "images/2-1.jpg",
      "offer": "64% OFF",
      "color": "blue",
      "category": "Women",
      "subCategory": "Tops",
      "sizesAvailable": [
        {
          "size": "S",
          "count": 7
        },
        {
          "size": "M",
          "count": 12
        },
        {
          "size": "L",
          "count": 10
        },
        {
          "size": "XL",
          "count": 3
        }
      ],
      "description": "<ul><li>Package contains: 1 top </li><li>Wash:  Hand wash Only</li><li> Fabric : Soft Rayon</li><li>Fit :  Relaxed Fit</li></ul>",
      "averageRating": "4.7",
      "ratingCounts": 21
    },
    {
      "id": 3,
      "productName": "Tie & Dye Collar Neck Sky Blue and White Mixed Top",
      "MRP": 1995,
      "price": 795,
      "sizes": "Free size",
      "imageUrl": "images/3.jpg",
      "imageUrl2": "images/3-2.jpg",
      "imageUrl3": "images/3-3.jpg",
      "imageUrl4": "images/3-4.jpg",
      "offer": "60% OFF",
      "color": "blue",
      "category": "Women",
      "subCategory": "Tops",
      "sizesAvailable": [
        {
          "size": "XS",
          "count": 10
        },
        {
          "size": "S",
          "count": 10
        },
        {
          "size": "M",
          "count": 10
        }
      ],
      "description": "<ul><li>Package contains: 1 top </li><li>Wash:  Hand wash Only</li><li> Pattern : Tie & dye</li><li> Fabric : Cotton</li><li>Fit :  Relaxed Fit</li></ul>",
      "averageRating": "4.1",
      "ratingCounts": 11
    },
    {
      "id": 4,
      "productName": "Floral Print Button Down Yellow Fullsleeve Top",
      "MRP": 1199,
      "price": 1040,
      "sizes": "Free size",
      "imageUrl": "images/4.jpg",
      "offer": "45% OFF",
      "color": "yellow",
      "category": "Women",
      "subCategory": "Tops",
      "sizesAvailable": [
        {
          "size": "XS",
          "count": 10
        },
        {
          "size": "S",
          "count": 9
        },
        {
          "size": "M",
          "count": 10
        },
        {
          "size": "L",
          "count": 10
        },
        {
          "size": "XL",
          "count": 10
        }
      ],
      "description": "<ul><li>Package contains: 1 top </li><li>Wash:  Hand wash Only</li><li> Pattern : Floral</li><li> Fabric : Silk Blend</li><li>Fit :  Relaxed Fit</li></ul>",
      "averageRating": "4.8",
      "ratingCounts": 6
    },
    {
      "id": 5,
      "productName": "Stripped Polo Blue Tshirt with Full sleeves ",
      "MRP": 1299,
      "price": 338,
      "sizes": "Free size",
      "imageUrl": "images/5.jpg",
      "offer": "74% OFF",
      "color": "blue",
      "category": "Men",
      "subCategory": "Tshirts",
      "description": "<ul><li>We recommend you buy a larger size</li><li>Regular fit</li><li>Machine Wash</li><li>Cotton blend </li></ul>",
      "sizesAvailable": [
        {
          "size": "XS",
          "count": 10
        },
        {
          "size": "S",
          "count": 10
        },
        {
          "size": "M",
          "count": 10
        },
        {
          "size": "XL",
          "count": 9
        }
      ],
      "averageRating": 4,
      "ratingCounts": 18
    },
    {
      "id": 6,
      "productName": "Black and Yellow Crew Neck Tshirt with half sleeve",
      "MRP": 1199,
      "price": 396,
      "sizes": "Free size",
      "imageUrl": "images/6.jpg",
      "offer": "67% OFF",
      "color": "black",
      "category": "Men",
      "subCategory": "Tshirts",
      "description": "<ul><li>We recommend you buy a larger size<li>Package Contains: 1 t-shirt</li></li><li>Regular fit</li><li>Machine Wash</li><li>Cotton</li></ul>",
      "sizesAvailable": [
        {
          "size": "XS",
          "count": 10
        },
        {
          "size": "S",
          "count": 10
        },
        {
          "size": "M",
          "count": 10
        },
        {
          "size": "XL",
          "count": 9
        }
      ],
      "averageRating": 4.9,
      "ratingCounts": 4
    },
    {
      "id": 7,
      "productName": "Floral print A-line cute frock with full sleeve",
      "MRP": 1178,
      "price": 554,
      "sizes": "Free size",
      "imageUrl": "images/7.jpg",
      "offer": "53% OFF",
      "color": "peach",
      "category": "Kids",
      "subCategory": "Girls Sets",
      "description": "<ul><li>Pure crepe net fabric frock is from our newest range of frocks for special festival occasion.<li>Package Contains: 1 dress</li></li><li>Knitted fabrics</li><li>Machine Wash</li><li>Crepe with Net</li></ul>",
      "sizesAvailable": [
        {
          "size": "1-2",
          "count": 10
        },
        {
          "size": "2-3",
          "count": 10
        },
        {
          "size": "3-4",
          "count": 10
        },
        {
          "size": "4-5",
          "count": 8
        }
      ],
      "averageRating": 4.1,
      "ratingCounts": 18
    },
    {
      "id": 8,
      "productName": "Checked Shirt With Patch Pocket, Full Sleeve",
      "MRP": 1599,
      "price": 1199,
      "sizes": "Free size",
      "imageUrl": "images/8.jpg",
      "offer": "30% OFF",
      "color": "blue",
      "category": "Men",
      "subCategory": "Shirts",
      "description": "<ul><li>Best Quality Shirt</li><li>Regular fit</li><li>Machine Wash</li><li>Cotton blend </li></ul>",
      "sizesAvailable": [
        {
          "size": "XS",
          "count": 10
        },
        {
          "size": "S",
          "count": 10
        },
        {
          "size": "M",
          "count": 10
        },
        {
          "size": "XL",
          "count": 9
        }
      ],
      "averageRating": 3.8,
      "ratingCounts": 11
    },
    {
      "id": 9,
      "productName": "Stripped straight kurta, 3/4 Sleeve",
      "MRP": 419,
      "price": 838,
      "sizes": "Free size",
      "imageUrl": "images/9.jpg",
      "offer": "50% OFF",
      "color": "pink",
      "category": "Women",
      "subCategory": "Kurti",
      "description": "<ul><li>Best Quality Kurti</li><li>Regular fit</li><li>Machine Wash</li><li>Cotton</li></ul>",
      "sizesAvailable": [
        {
          "size": "XS",
          "count": 10
        },
        {
          "size": "S",
          "count": 10
        },
        {
          "size": "M",
          "count": 10
        },
        {
          "size": "XL",
          "count": 9
        }
      ],
      "averageRating": 3,
      "ratingCounts": 18
    },
    {
      "id": 10,
      "productName": "Bandhani Print Mild Green Kurta Set, 3/4 Sleeve",
      "MRP": 3299,
      "price": 1519,
      "sizes": "Free size",
      "imageUrl": "images/10.jpg",
      "offer": "54% OFF",
      "color": "green",
      "category": "Women",
      "subCategory": "Kurti",
      "description": "<ul><li>Best Quality Kurta set</li><li>Contains: 1 kurta, 1 bottom wear, 1 dupatta</li><li>Regular fit</li><li>Machine Wash</li><li>Cotton blend </li></ul>",
      "sizesAvailable": [
        {
          "size": "XS",
          "count": 10
        },
        {
          "size": "S",
          "count": 10
        },
        {
          "size": "M",
          "count": 10
        },
        {
          "size": "XL",
          "count": 9
        }
      ],
      "averageRating": 3.1,
      "ratingCounts": 18
    },
    {
      "id": 11,
      "productName": "Cute Polka Dotted Fit & Flare Dress With Belt",
      "MRP": 899,
      "price": 432,
      "sizes": "Free size",
      "imageUrl": "images/11.jpg",
      "offer": "52% OFF",
      "color": "blue",
      "category": "Kids",
      "subCategory": "Girls Sets",
      "description": "<ul><li>Best Quality Frock</li><li>Contains:1 frock, 1 belt</li><li>Regular fit</li><li>Machine Wash</li><li>Polyester blend </li></ul>",
      "sizesAvailable": [
        {
          "size": "1-2",
          "count": 10
        },
        {
          "size": "2-3",
          "count": 9
        },
        {
          "size": "3-4",
          "count": 10
        },
        {
          "size": "4-5",
          "count": 9
        }
      ],
      "averageRating": "4.5",
      "ratingCounts": 2
    },
    {
      "id": 12,
      "productName": "Floral Print Double Size Bedsheet with Pillow Covers",
      "MRP": 2499,
      "price": 700,
      "sizes": "Free size",
      "imageUrl": "images/bedsheet.jpg",
      "offer": "72% OFF",
      "color": "pink",
      "category": "Home",
      "subCategory": "Textiles",
      "sizesAvailable": [
        {
          "size": "Double",
          "count": 10
        },
        {
          "size": "King",
          "count": 9
        },
        {
          "size": "Queen",
          "count": 10
        }
      ],
      "description": "<ul><li>Package contains: 1 bedsheet, 2 pillow cover</li><li>Wash:  Machine Wash</li><li> Pattern : Floral</li><li> Fabric : Cotton</li><li>Length: 225 cm, Width: 225cm</li></ul>",
      "averageRating": "5",
      "ratingCounts": 1
    },
    {
      "id": 13,
      "productName": "Banarasi Kancheevaram Silk Saree With Beautiful Blouse pc",
      "MRP": 1499,
      "price": 2999,
      "sizes": "Free size",
      "imageUrl": "images/13.jpg",
      "offer": "50% OFF",
      "color": "yellow",
      "category": "Women",
      "subCategory": "Sarees",
      "sizesAvailable": [
        {
          "size": "FreeSize",
          "count": 10
        }
      ],
      "description": "<ul><li>Package contains: 1 Saree with Blouse Piece</li><li>Wash:  Hand wash Only</li><li> Pattern  : hand woven</li><li> Fabric : Banarasi Silk</li><li>weight: 400gms</li></ul>",
      "averageRating": "3.5",
      "ratingCounts": 23
    }
  ],
  "category": [
    {
      "categoryName": "Men",
      "id": 1,
      "subCategory": [
        {
          "subCategoryName": "Tshirts"
        },
        {
          "subCategoryName": "Shirts"
        },
        {
          "subCategoryName": "Jeans"
        },
        {
          "subCategoryName": "Jackets"
        }
      ]
    },
    {
      "id": 2,
      "categoryName": "Women",
      "subCategory": [
        {
          "subCategoryName": "Kurti"
        },
        {
          "subCategoryName": "Tops"
        },
        {
          "subCategoryName": "Sarees"
        },
        {
          "subCategoryName": "Gowns"
        },
        {
          "subCategoryName": "Dress"
        }
      ]
    },
    {
      "id": 3,
      "categoryName": "Kids",
      "subCategory": [
        {
          "subCategoryName": "Boys Sets"
        },
        {
          "subCategoryName": "Girls Sets"
        },
        {
          "subCategoryName": "Tshirts"
        },
        {
          "subCategoryName": "BottomWear"
        },
        {
          "subCategoryName": "NewBorn"
        }
      ]
    },
    {
      "categoryName": "Home",
      "id": 4,
      "subCategory": [
        {
          "subCategoryName": "Decor"
        },
        {
          "subCategoryName": "Kitchen"
        },
        {
          "subCategoryName": "Grocery"
        },
        {
          "subCategoryName": "Textiles"
        },
        {
          "subCategoryName": "Furniture"
        }
      ]
    }
  ]
}